

CREATE TABLE `addproduct` (
  `ProductName` varchar(30) NOT NULL,
  `Quantity` int(4) NOT NULL,
  `BuyPrice` int(5) NOT NULL,
  `SellPrice` int(5) NOT NULL,
  `CreatedOn` date NOT NULL,
  `UpdatedOn` date NOT NULL
) ENGINE=MyISAM DEFAULT CHARSET=latin1;

INSERT INTO addproduct VALUES("CELLO MAXWRITTER","25","7","10","2021-11-02","2021-11-02");
INSERT INTO addproduct VALUES("HAUSER BALL PEN","50","7","10","2021-11-02","2021-11-02");
INSERT INTO addproduct VALUES("GLOSSY PAPER","54","6","10","2021-11-02","2021-11-09");
INSERT INTO addproduct VALUES("A4 SIZE PAPER","300","1","2","2021-11-02","2021-11-02");
INSERT INTO addproduct VALUES("SECRET MESSAGE GIFT PILLS","11","40","60","2021-11-02","2021-11-02");
INSERT INTO addproduct VALUES("COLOR A4 SIZE PAPER","200","2","4","2021-11-02","2021-11-02");
INSERT INTO addproduct VALUES("SURGICAL MASK","198","2","10","2021-11-02","2021-11-16");
INSERT INTO addproduct VALUES("LAMINATION PAPER","2","10","15","2021-11-02","2021-11-16");
INSERT INTO addproduct VALUES("N95 MASK","14","20","30","2021-11-02","2021-11-03");
INSERT INTO addproduct VALUES("NEA N95 MASK(ORIGINAL)","10","40","80","2021-11-03","2021-11-03");
INSERT INTO addproduct VALUES("FILE COVER","10","7","10","2021-11-18","2021-11-18");
INSERT INTO addproduct VALUES("SNOW SPRAY","6","30","60","2021-11-18","2021-11-18");
INSERT INTO addproduct VALUES("GLUE STICK","12","15","20","2021-11-18","2021-11-18");
INSERT INTO addproduct VALUES("COLOR TAPE","12","6","10","2021-11-18","2021-11-18");
INSERT INTO addproduct VALUES("TAPE (SMALL)","12","6","15","2021-11-18","2021-11-18");
INSERT INTO addproduct VALUES("TAPE (MED)","6","10","20","2021-11-18","2021-11-18");



CREATE TABLE `addstock` (
  `ItemName` varchar(500) NOT NULL,
  `Price` int(5) NOT NULL,
  `CreatedOn` date NOT NULL
) ENGINE=MyISAM DEFAULT CHARSET=latin1;

INSERT INTO addstock VALUES("SNOW SPRAY","180","2021-11-18");
INSERT INTO addstock VALUES("FILE COVER","70","2021-11-18");
INSERT INTO addstock VALUES("TAPE (SMALL)","70","2021-11-18");
INSERT INTO addstock VALUES("TAPE (MED)","60","2021-11-18");
INSERT INTO addstock VALUES("COLOR TAPE","70","2021-11-18");
INSERT INTO addstock VALUES("GLUE STICK","180","2021-11-18");
INSERT INTO addstock VALUES("BOOK COVER","60","2021-11-18");
INSERT INTO addstock VALUES("A4 PAPER","236","2021-11-18");
INSERT INTO addstock VALUES("COLOR PAPER","240","2021-11-18");
INSERT INTO addstock VALUES("CELLO MAXWRITER","170","2021-11-18");
INSERT INTO addstock VALUES("HAUSER BALL PEN","330","2021-11-18");
INSERT INTO addstock VALUES("SURGICAL MASK","300","2021-11-18");
INSERT INTO addstock VALUES("N95 MASK GREY","180","2021-11-18");
INSERT INTO addstock VALUES("NEA N95 MASK","161","2021-11-18");
INSERT INTO addstock VALUES("GLOSSY PHOTO PAPER","313","2021-11-18");
INSERT INTO addstock VALUES("LAMINATION PAPER","200","2021-11-18");



CREATE TABLE `dailyanalysis` (
  `Services` varchar(50) NOT NULL,
  `Income` int(13) NOT NULL,
  `CreatedOn` date NOT NULL
) ENGINE=MyISAM DEFAULT CHARSET=latin1;

INSERT INTO dailyanalysis VALUES("LAMINATION","100","2021-11-01");
INSERT INTO dailyanalysis VALUES("LAMINATION","1","2021-11-02");
INSERT INTO dailyanalysis VALUES("MONEY TRANSFER","10","2021-11-02");
INSERT INTO dailyanalysis VALUES("MASK","30","2021-11-02");
INSERT INTO dailyanalysis VALUES("PAGE PRINT","45","2021-11-02");
INSERT INTO dailyanalysis VALUES("XEROX","25","2021-11-03");
INSERT INTO dailyanalysis VALUES("PVC CARD","40","2021-11-03");
INSERT INTO dailyanalysis VALUES("MONEY TRANSFER","20","2021-11-03");
INSERT INTO dailyanalysis VALUES("XEROX","10","2021-11-03");
INSERT INTO dailyanalysis VALUES("PASSPORT SIZE PHOTO","25","2021-11-08");
INSERT INTO dailyanalysis VALUES("PAGE PRINT","14","2021-11-08");
INSERT INTO dailyanalysis VALUES("ADD CASH EXTRA","40","2021-11-08");
INSERT INTO dailyanalysis VALUES("PASSPORT SIZE PHOTO","30","2021-11-08");
INSERT INTO dailyanalysis VALUES("XEROX","8","2021-11-08");
INSERT INTO dailyanalysis VALUES("PAGE PRINT","15","2021-11-08");
INSERT INTO dailyanalysis VALUES("PVC CARD","50","2021-11-08");
INSERT INTO dailyanalysis VALUES("PVC CARD","50","2021-11-09");
INSERT INTO dailyanalysis VALUES("XEROX","18","2021-11-09");
INSERT INTO dailyanalysis VALUES("XEROX","6","2021-11-09");
INSERT INTO dailyanalysis VALUES("MONEY TRANSFER","10","2021-11-09");
INSERT INTO dailyanalysis VALUES("RESUME","40","2021-11-09");
INSERT INTO dailyanalysis VALUES("RESUME","20","2021-11-09");
INSERT INTO dailyanalysis VALUES("XEROX","40","2021-11-09");
INSERT INTO dailyanalysis VALUES("PAGE PRINT","60","2021-11-09");
INSERT INTO dailyanalysis VALUES("PVC CARD","100","2021-11-09");
INSERT INTO dailyanalysis VALUES("XEROX","10","2021-11-09");
INSERT INTO dailyanalysis VALUES("XEROX","6","2021-11-10");
INSERT INTO dailyanalysis VALUES("XEROX","5","2021-11-10");
INSERT INTO dailyanalysis VALUES("PASSPORT SIZE PHOTO","30","2021-11-10");
INSERT INTO dailyanalysis VALUES("PAGE PRINT","50","2021-11-10");
INSERT INTO dailyanalysis VALUES("PVC CARD","50","2021-11-10");
INSERT INTO dailyanalysis VALUES("PVC CARD","50","2021-11-10");
INSERT INTO dailyanalysis VALUES("PAGE PRINT","170","2021-11-10");
INSERT INTO dailyanalysis VALUES("A4 SIZE PAPER","20","2021-11-10");
INSERT INTO dailyanalysis VALUES("XEROX","6","2021-11-11");
INSERT INTO dailyanalysis VALUES("XEROX","8","2021-11-11");
INSERT INTO dailyanalysis VALUES("XEROX","4","2021-11-11");
INSERT INTO dailyanalysis VALUES("PVC CARD","40","2021-11-11");
INSERT INTO dailyanalysis VALUES("PVC CARD","50","2021-11-11");
INSERT INTO dailyanalysis VALUES("PAGE PRINT","25","2021-11-11");
INSERT INTO dailyanalysis VALUES("MONEY TRANSFER","15","2021-11-11");
INSERT INTO dailyanalysis VALUES("PAGE PRINT","10","2021-11-11");
INSERT INTO dailyanalysis VALUES("XEROX","20","2021-11-11");
INSERT INTO dailyanalysis VALUES("A4 SIZE PAPER","10","2021-11-11");
INSERT INTO dailyanalysis VALUES("XEROX","10","2021-11-12");
INSERT INTO dailyanalysis VALUES("XEROX","5","2021-11-12");
INSERT INTO dailyanalysis VALUES("XEROX","20","2021-11-12");
INSERT INTO dailyanalysis VALUES("XEROX","5","2021-11-12");
INSERT INTO dailyanalysis VALUES("PAGE PRINT","10","2021-11-12");
INSERT INTO dailyanalysis VALUES("MONEY TRANSFER","10","2021-11-12");
INSERT INTO dailyanalysis VALUES("PVC CARD","45","2021-11-12");
INSERT INTO dailyanalysis VALUES("MONEY TRANSFER","30","2021-11-12");
INSERT INTO dailyanalysis VALUES("DUPLICATE PAPER","400","2021-11-13");
INSERT INTO dailyanalysis VALUES("XEROX","10","2021-11-13");
INSERT INTO dailyanalysis VALUES("PAGE PRINT","20","2021-11-13");
INSERT INTO dailyanalysis VALUES("PAGE PRINT","5","2021-11-15");
INSERT INTO dailyanalysis VALUES("MASK","10","2021-11-15");
INSERT INTO dailyanalysis VALUES("MASK","10","2021-11-15");
INSERT INTO dailyanalysis VALUES("PASSPORT SIZE PHOTO","50","2021-11-15");
INSERT INTO dailyanalysis VALUES("PAGE PRINT","10","2021-11-15");
INSERT INTO dailyanalysis VALUES("MONEY TRANSFER","20","2021-11-15");
INSERT INTO dailyanalysis VALUES("OTHERS","10","2021-11-15");
INSERT INTO dailyanalysis VALUES("MONEY TRANSFER","10","2021-11-15");
INSERT INTO dailyanalysis VALUES("XEROX","18","2021-11-15");
INSERT INTO dailyanalysis VALUES("PAGE PRINT","5","2021-11-15");
INSERT INTO dailyanalysis VALUES("PAGE PRINT","15","2021-11-15");
INSERT INTO dailyanalysis VALUES("XEROX","2","2021-11-16");
INSERT INTO dailyanalysis VALUES("PVC CARD","150","2021-11-16");
INSERT INTO dailyanalysis VALUES("RESUME","20","2021-11-16");
INSERT INTO dailyanalysis VALUES("MONEY TRANSFER","20","2021-11-16");
INSERT INTO dailyanalysis VALUES("PAGE PRINT","20","2021-11-16");
INSERT INTO dailyanalysis VALUES("XEROX","23","2021-11-16");
INSERT INTO dailyanalysis VALUES("XEROX","10","2021-11-16");
INSERT INTO dailyanalysis VALUES("ONLINE APPLY","20","2021-11-16");
INSERT INTO dailyanalysis VALUES("PAGE PRINT","45","2021-11-16");
INSERT INTO dailyanalysis VALUES("XEROX","8","2021-11-17");
INSERT INTO dailyanalysis VALUES("PAGE PRINT","20","2021-11-17");
INSERT INTO dailyanalysis VALUES("MONEY TRANSFER","10","2021-11-17");
INSERT INTO dailyanalysis VALUES("PAGE PRINT","5","2021-11-17");
INSERT INTO dailyanalysis VALUES("PAGE PRINT","10","2021-11-17");
INSERT INTO dailyanalysis VALUES("XEROX","10","2021-11-17");
INSERT INTO dailyanalysis VALUES("PVC CARD","50","2021-11-17");
INSERT INTO dailyanalysis VALUES("MONEY TRANSFER","20","2021-11-18");
INSERT INTO dailyanalysis VALUES("XEROX","50","2021-11-18");
INSERT INTO dailyanalysis VALUES("PAGE PRINT","20","2021-11-18");
INSERT INTO dailyanalysis VALUES("MONEY TRANSFER","10","2021-11-18");
INSERT INTO dailyanalysis VALUES("PAGE PRINT","5","2021-11-18");
INSERT INTO dailyanalysis VALUES("PVC CARD","50","2021-11-18");
INSERT INTO dailyanalysis VALUES("ONLINE APPLY","20","2021-11-18");
INSERT INTO dailyanalysis VALUES("PVC CARD","50","2021-11-18");
INSERT INTO dailyanalysis VALUES("XEROX","8","2021-11-19");
INSERT INTO dailyanalysis VALUES("XEROX","4","2021-11-19");
INSERT INTO dailyanalysis VALUES("PVC CARD","60","2021-11-19");
INSERT INTO dailyanalysis VALUES("PAGE PRINT","5","2021-11-19");
INSERT INTO dailyanalysis VALUES("PAGE PRINT","5","2021-11-19");
INSERT INTO dailyanalysis VALUES("XEROX","5","2021-11-19");
INSERT INTO dailyanalysis VALUES("PVC CARD","50","2021-11-19");
INSERT INTO dailyanalysis VALUES("PAGE PRINT","5","2021-11-20");
INSERT INTO dailyanalysis VALUES("XEROX","5","2021-11-20");
INSERT INTO dailyanalysis VALUES("XEROX","100","2021-11-20");
INSERT INTO dailyanalysis VALUES("XEROX","360","2021-11-20");
INSERT INTO dailyanalysis VALUES("SCANNING","30","2021-11-20");
INSERT INTO dailyanalysis VALUES("MONEY TRANSFER","5","2021-11-20");
INSERT INTO dailyanalysis VALUES("MONEY TRANSFER","5","2021-11-20");
INSERT INTO dailyanalysis VALUES("PAGE PRINT","10","2021-11-20");
INSERT INTO dailyanalysis VALUES("XEROX","1000","2021-11-20");
INSERT INTO dailyanalysis VALUES("XEROX","12","2021-11-20");
INSERT INTO dailyanalysis VALUES("PAGE PRINT","50","2021-11-22");
INSERT INTO dailyanalysis VALUES("XEROX","13","2021-11-22");
INSERT INTO dailyanalysis VALUES("PAGE PRINT","20","2021-11-22");
INSERT INTO dailyanalysis VALUES("PVC CARD","50","2021-11-22");
INSERT INTO dailyanalysis VALUES("MONEY TRANSFER","20","2021-11-22");
INSERT INTO dailyanalysis VALUES("PAGE PRINT","10","2021-11-22");
INSERT INTO dailyanalysis VALUES("PAGE PRINT","5","2021-11-22");
INSERT INTO dailyanalysis VALUES("PAGE PRINT","10","2021-11-22");
INSERT INTO dailyanalysis VALUES("OTHERS","40","2021-11-22");
INSERT INTO dailyanalysis VALUES("PASSPORT SIZE PHOTO","30","2021-11-26");
INSERT INTO dailyanalysis VALUES("XEROX","20","2021-11-26");
INSERT INTO dailyanalysis VALUES("XEROX","5","2021-11-26");
INSERT INTO dailyanalysis VALUES("PASSPORT SIZE PHOTO","30","2021-11-26");
INSERT INTO dailyanalysis VALUES("XEROX","100","2021-11-26");
INSERT INTO dailyanalysis VALUES("MONEY TRANSFER","20","2021-11-26");
INSERT INTO dailyanalysis VALUES("PAGE PRINT","20","2021-11-26");
INSERT INTO dailyanalysis VALUES("XEROX","570","2021-11-26");
INSERT INTO dailyanalysis VALUES("XEROX","2","2021-11-29");
INSERT INTO dailyanalysis VALUES("PAGE PRINT","15","2021-11-29");
INSERT INTO dailyanalysis VALUES("PASSPORT SIZE PHOTO","30","2021-11-29");
INSERT INTO dailyanalysis VALUES("PAGE PRINT","45","2021-12-02");
INSERT INTO dailyanalysis VALUES("MONEY TRANSFER","10","2021-12-02");
INSERT INTO dailyanalysis VALUES("PAGE PRINT","20","2021-12-02");
INSERT INTO dailyanalysis VALUES("PVC CARD","50","2021-12-02");
INSERT INTO dailyanalysis VALUES("PAGE PRINT","10","2021-12-02");
INSERT INTO dailyanalysis VALUES("MONEY TRANSFER","10","2021-12-03");
INSERT INTO dailyanalysis VALUES("PVC CARD","50","2021-12-03");
INSERT INTO dailyanalysis VALUES("PVC CARD","50","2021-12-03");
INSERT INTO dailyanalysis VALUES("XEROX","10","2021-12-03");
INSERT INTO dailyanalysis VALUES("XEROX","28","2021-12-08");
INSERT INTO dailyanalysis VALUES("XEROX","4","2021-12-08");
INSERT INTO dailyanalysis VALUES("PEN","10","2021-12-08");
INSERT INTO dailyanalysis VALUES("XEROX","16","2021-12-08");
INSERT INTO dailyanalysis VALUES("MONEY TRANSFER","75","2021-12-08");
INSERT INTO dailyanalysis VALUES("XEROX","16","2021-12-08");
INSERT INTO dailyanalysis VALUES("XEROX","10","2021-12-08");
INSERT INTO dailyanalysis VALUES("PAGE PRINT","15","2021-12-08");
INSERT INTO dailyanalysis VALUES("XEROX","17","2021-12-08");
INSERT INTO dailyanalysis VALUES("ENVELOPE","10","2021-12-08");
INSERT INTO dailyanalysis VALUES("LAMINATION","30","2021-12-08");
INSERT INTO dailyanalysis VALUES("FILE COVER","20","2021-12-08");
INSERT INTO dailyanalysis VALUES("XEROX","10","2021-12-09");
INSERT INTO dailyanalysis VALUES("PVC CARD","100","2021-12-09");
INSERT INTO dailyanalysis VALUES("LAMINATION","60","2021-12-09");
INSERT INTO dailyanalysis VALUES("PAGE PRINT","5","2021-12-09");
INSERT INTO dailyanalysis VALUES("XEROX","8","2021-12-09");
INSERT INTO dailyanalysis VALUES("PVC CARD","50","2021-12-09");
INSERT INTO dailyanalysis VALUES("XEROX","2","2021-12-09");
INSERT INTO dailyanalysis VALUES("PVC CARD","50","2021-12-09");
INSERT INTO dailyanalysis VALUES("XEROX","4","2021-12-09");
INSERT INTO dailyanalysis VALUES("PAGE PRINT","40","2021-12-09");
INSERT INTO dailyanalysis VALUES("XEROX","2","2021-12-09");



CREATE TABLE `ratecard` (
  `Services` varchar(50) NOT NULL,
  `Created On` date NOT NULL,
  `Updated On` date NOT NULL
) ENGINE=MyISAM DEFAULT CHARSET=latin1;

INSERT INTO ratecard VALUES("LAMINATION","2021-11-02","2021-11-02");
INSERT INTO ratecard VALUES("XEROX","2021-11-02","2021-11-02");
INSERT INTO ratecard VALUES("RAIL TICKET","2021-11-02","2021-11-02");
INSERT INTO ratecard VALUES("AIR TICKET","2021-11-02","2021-11-02");
INSERT INTO ratecard VALUES("PHOTO FRAME","2021-11-02","2021-11-02");
INSERT INTO ratecard VALUES("PEN","2021-11-02","2021-11-02");
INSERT INTO ratecard VALUES("MASK","2021-11-02","2021-11-02");
INSERT INTO ratecard VALUES("MESSAGE PILLS","2021-11-02","2021-11-02");
INSERT INTO ratecard VALUES("MONEY TRANSFER","2021-11-02","2021-11-02");
INSERT INTO ratecard VALUES("PAGE PRINT","2021-11-02","2021-11-02");
INSERT INTO ratecard VALUES("PAN APPLY","2021-11-03","2021-11-03");
INSERT INTO ratecard VALUES("AADHAR APPLY","2021-11-03","2021-11-03");
INSERT INTO ratecard VALUES("VOTER APPLY","2021-11-03","2021-11-03");
INSERT INTO ratecard VALUES("PASSPORT APPLY","2021-11-03","2021-11-03");
INSERT INTO ratecard VALUES("RESUME","2021-11-03","2021-11-03");
INSERT INTO ratecard VALUES("PVC CARD","2021-11-03","2021-11-03");
INSERT INTO ratecard VALUES("PASSPORT SIZE PHOTO","2021-11-08","2021-11-08");
INSERT INTO ratecard VALUES("ADD CASH EXTRA","2021-11-08","2021-11-08");
INSERT INTO ratecard VALUES("A4 SIZE PAPER","2021-11-10","2021-11-10");
INSERT INTO ratecard VALUES("DUPLICATE PAPER","2021-11-13","2021-11-13");
INSERT INTO ratecard VALUES("ONLINE APPLY","2021-11-16","2021-11-16");
INSERT INTO ratecard VALUES("SCANNING","2021-11-20","2021-11-20");
INSERT INTO ratecard VALUES("ENVELOPE","2021-12-08","2021-12-08");
INSERT INTO ratecard VALUES("FILE COVER","2021-12-08","2021-12-08");

