

CREATE TABLE `addproduct` (
  `ProductName` varchar(30) NOT NULL,
  `Quantity` int(4) NOT NULL,
  `BuyPrice` int(5) NOT NULL,
  `SellPrice` int(5) NOT NULL,
  `CreatedOn` date NOT NULL,
  `UpdatedOn` date NOT NULL
) ENGINE=MyISAM DEFAULT CHARSET=latin1;

INSERT INTO addproduct VALUES("CELLO MAXWRITTER","25","7","10","2021-11-02","2021-11-02");
INSERT INTO addproduct VALUES("HAUSER BALL PEN","50","7","10","2021-11-02","2021-11-02");
INSERT INTO addproduct VALUES("GLOSSY PAPER","54","6","10","2021-11-02","2021-11-09");
INSERT INTO addproduct VALUES("A4 SIZE PAPER","300","1","2","2021-11-02","2021-11-02");
INSERT INTO addproduct VALUES("SECRET MESSAGE GIFT PILLS","11","40","60","2021-11-02","2021-11-02");
INSERT INTO addproduct VALUES("COLOR A4 SIZE PAPER","200","2","4","2021-11-02","2021-11-02");
INSERT INTO addproduct VALUES("SURGICAL MASK","200","2","10","2021-11-02","2021-11-02");
INSERT INTO addproduct VALUES("LAMINATION PAPER","3","10","15","2021-11-02","2021-11-09");
INSERT INTO addproduct VALUES("N95 MASK","14","20","30","2021-11-02","2021-11-03");
INSERT INTO addproduct VALUES("NEA N95 MASK(ORIGINAL)","10","40","80","2021-11-03","2021-11-03");



CREATE TABLE `dailyanalysis` (
  `Services` varchar(50) NOT NULL,
  `Income` int(13) NOT NULL,
  `CreatedOn` date NOT NULL
) ENGINE=MyISAM DEFAULT CHARSET=latin1;

INSERT INTO dailyanalysis VALUES("LAMINATION","100","2021-11-01");
INSERT INTO dailyanalysis VALUES("LAMINATION","1","2021-11-02");
INSERT INTO dailyanalysis VALUES("MONEY TRANSFER","10","2021-11-02");
INSERT INTO dailyanalysis VALUES("MASK","30","2021-11-02");
INSERT INTO dailyanalysis VALUES("PAGE PRINT","45","2021-11-02");
INSERT INTO dailyanalysis VALUES("XEROX","25","2021-11-03");
INSERT INTO dailyanalysis VALUES("PVC CARD","40","2021-11-03");
INSERT INTO dailyanalysis VALUES("MONEY TRANSFER","20","2021-11-03");
INSERT INTO dailyanalysis VALUES("XEROX","10","2021-11-03");
INSERT INTO dailyanalysis VALUES("PASSPORT SIZE PHOTO","25","2021-11-08");
INSERT INTO dailyanalysis VALUES("PAGE PRINT","14","2021-11-08");
INSERT INTO dailyanalysis VALUES("ADD CASH EXTRA","40","2021-11-08");
INSERT INTO dailyanalysis VALUES("PASSPORT SIZE PHOTO","30","2021-11-08");
INSERT INTO dailyanalysis VALUES("XEROX","8","2021-11-08");
INSERT INTO dailyanalysis VALUES("PAGE PRINT","15","2021-11-08");
INSERT INTO dailyanalysis VALUES("PVC CARD","50","2021-11-08");
INSERT INTO dailyanalysis VALUES("PVC CARD","50","2021-11-09");
INSERT INTO dailyanalysis VALUES("XEROX","18","2021-11-09");
INSERT INTO dailyanalysis VALUES("XEROX","6","2021-11-09");
INSERT INTO dailyanalysis VALUES("MONEY TRANSFER","10","2021-11-09");
INSERT INTO dailyanalysis VALUES("RESUME","40","2021-11-09");
INSERT INTO dailyanalysis VALUES("RESUME","20","2021-11-09");
INSERT INTO dailyanalysis VALUES("XEROX","40","2021-11-09");
INSERT INTO dailyanalysis VALUES("PAGE PRINT","60","2021-11-09");
INSERT INTO dailyanalysis VALUES("PVC CARD","100","2021-11-09");
INSERT INTO dailyanalysis VALUES("XEROX","10","2021-11-09");
INSERT INTO dailyanalysis VALUES("XEROX","6","2021-11-10");
INSERT INTO dailyanalysis VALUES("XEROX","5","2021-11-10");
INSERT INTO dailyanalysis VALUES("PASSPORT SIZE PHOTO","30","2021-11-10");
INSERT INTO dailyanalysis VALUES("PAGE PRINT","50","2021-11-10");



CREATE TABLE `ratecard` (
  `Services` varchar(50) NOT NULL,
  `Created On` date NOT NULL,
  `Updated On` date NOT NULL
) ENGINE=MyISAM DEFAULT CHARSET=latin1;

INSERT INTO ratecard VALUES("LAMINATION","2021-11-02","2021-11-02");
INSERT INTO ratecard VALUES("XEROX","2021-11-02","2021-11-02");
INSERT INTO ratecard VALUES("RAIL TICKET","2021-11-02","2021-11-02");
INSERT INTO ratecard VALUES("AIR TICKET","2021-11-02","2021-11-02");
INSERT INTO ratecard VALUES("PHOTO FRAME","2021-11-02","2021-11-02");
INSERT INTO ratecard VALUES("PEN","2021-11-02","2021-11-02");
INSERT INTO ratecard VALUES("MASK","2021-11-02","2021-11-02");
INSERT INTO ratecard VALUES("MESSAGE PILLS","2021-11-02","2021-11-02");
INSERT INTO ratecard VALUES("MONEY TRANSFER","2021-11-02","2021-11-02");
INSERT INTO ratecard VALUES("PAGE PRINT","2021-11-02","2021-11-02");
INSERT INTO ratecard VALUES("PAN APPLY","2021-11-03","2021-11-03");
INSERT INTO ratecard VALUES("AADHAR APPLY","2021-11-03","2021-11-03");
INSERT INTO ratecard VALUES("VOTER APPLY","2021-11-03","2021-11-03");
INSERT INTO ratecard VALUES("PASSPORT APPLY","2021-11-03","2021-11-03");
INSERT INTO ratecard VALUES("RESUME","2021-11-03","2021-11-03");
INSERT INTO ratecard VALUES("PVC CARD","2021-11-03","2021-11-03");
INSERT INTO ratecard VALUES("PASSPORT SIZE PHOTO","2021-11-08","2021-11-08");
INSERT INTO ratecard VALUES("ADD CASH EXTRA","2021-11-08","2021-11-08");

