

CREATE TABLE `addproduct` (
  `ProductName` varchar(30) NOT NULL,
  `Quantity` int(4) NOT NULL,
  `BuyPrice` int(5) NOT NULL,
  `SellPrice` int(5) NOT NULL,
  `CreatedOn` date NOT NULL,
  `UpdatedOn` date NOT NULL
) ENGINE=MyISAM DEFAULT CHARSET=latin1;

INSERT INTO addproduct VALUES("PHOTO PAPER","80","5","10","2021-12-11","2021-12-11");
INSERT INTO addproduct VALUES("A4 SIZE PAPER","1000","1","2","2021-12-11","2021-12-11");
INSERT INTO addproduct VALUES("PENCIL","100","4","5","2021-12-11","2021-12-11");
INSERT INTO addproduct VALUES("RUBBER","20","3","5","2021-12-11","2021-12-11");
INSERT INTO addproduct VALUES("COPY(20)","24","13","20","2021-12-11","2021-12-11");
INSERT INTO addproduct VALUES("COPY(48)","12","34","48","2021-12-11","2021-12-11");
INSERT INTO addproduct VALUES("SHARPNER","20","4","5","2021-12-11","2021-12-11");
INSERT INTO addproduct VALUES("ENVELOPE","100","2","4","2021-12-11","2021-12-11");
INSERT INTO addproduct VALUES("GLUE STICK","6","15","20","2021-12-11","2021-12-11");
INSERT INTO addproduct VALUES("TAPE (MED)","6","10","25","2021-12-11","2021-12-11");
INSERT INTO addproduct VALUES("TAPE (SMALL)","12","6","10","2021-12-11","2021-12-11");
INSERT INTO addproduct VALUES("TAPE (COLOR)","12","6","10","2021-12-11","2021-12-11");
INSERT INTO addproduct VALUES("MASK","40","20","30","2021-12-11","2021-12-11");
INSERT INTO addproduct VALUES("SURGICAL MASK","200","2","10","2021-12-11","2021-12-11");
INSERT INTO addproduct VALUES("FILE","12","7","10","2021-12-11","2021-12-11");
INSERT INTO addproduct VALUES("A4 COLOR","200","2","4","2021-12-11","2021-12-11");
INSERT INTO addproduct VALUES("PVC CARD","300","7","15","2021-12-11","2021-12-11");
INSERT INTO addproduct VALUES("LAMINATION POUCH","100","1","5","2021-12-11","2021-12-11");
INSERT INTO addproduct VALUES("SNOW SPRAY","4","30","60","2021-12-11","2021-12-11");
INSERT INTO addproduct VALUES("MESSAGE PILLS","11","40","60","2021-12-11","2021-12-11");



CREATE TABLE `addstock` (
  `ItemName` varchar(500) NOT NULL,
  `Price` int(5) NOT NULL,
  `CreatedOn` date NOT NULL
) ENGINE=MyISAM DEFAULT CHARSET=latin1;

INSERT INTO addstock VALUES("SCALE","15","2021-12-11");
INSERT INTO addstock VALUES("GLUE STICK","10","2021-12-11");
INSERT INTO addstock VALUES("A4 SIZE PAPER","510","2021-12-11");
INSERT INTO addstock VALUES("ELECTRICITY BILL","120","2021-12-11");
INSERT INTO addstock VALUES("DADU TAKEN","200","2021-12-11");
INSERT INTO addstock VALUES("LAMINATION POUCH","100","2021-12-11");
INSERT INTO addstock VALUES("PVC CARD","2000","2021-12-11");
INSERT INTO addstock VALUES("BOOKS & PRODUCTS","1615","2021-12-11");
INSERT INTO addstock VALUES("DEBIT(MESHO)","15","2021-12-11");
INSERT INTO addstock VALUES("BAPON(DEBIT)","200","2021-12-12");
INSERT INTO addstock VALUES("DIPAM(DEBIT)","50","2021-12-12");
INSERT INTO addstock VALUES("TABLE ","1000","2021-12-13");
INSERT INTO addstock VALUES("MESHO","15","2021-12-13");



CREATE TABLE `dailyanalysis` (
  `Services` varchar(50) NOT NULL,
  `Income` int(13) NOT NULL,
  `CreatedOn` date NOT NULL
) ENGINE=MyISAM DEFAULT CHARSET=latin1;

INSERT INTO dailyanalysis VALUES("LAMINATION","100","2021-11-01");
INSERT INTO dailyanalysis VALUES("LAMINATION","1","2021-11-02");
INSERT INTO dailyanalysis VALUES("MONEY TRANSFER","10","2021-11-02");
INSERT INTO dailyanalysis VALUES("MASK","30","2021-11-02");
INSERT INTO dailyanalysis VALUES("PAGE PRINT","45","2021-11-02");
INSERT INTO dailyanalysis VALUES("XEROX","25","2021-11-03");
INSERT INTO dailyanalysis VALUES("PVC CARD","40","2021-11-03");
INSERT INTO dailyanalysis VALUES("MONEY TRANSFER","20","2021-11-03");
INSERT INTO dailyanalysis VALUES("XEROX","10","2021-11-03");
INSERT INTO dailyanalysis VALUES("PASSPORT SIZE PHOTO","25","2021-11-08");
INSERT INTO dailyanalysis VALUES("PAGE PRINT","14","2021-11-08");
INSERT INTO dailyanalysis VALUES("ADD CASH EXTRA","40","2021-11-08");
INSERT INTO dailyanalysis VALUES("PASSPORT SIZE PHOTO","30","2021-11-08");
INSERT INTO dailyanalysis VALUES("XEROX","8","2021-11-08");
INSERT INTO dailyanalysis VALUES("PAGE PRINT","15","2021-11-08");
INSERT INTO dailyanalysis VALUES("PVC CARD","50","2021-11-08");
INSERT INTO dailyanalysis VALUES("PVC CARD","50","2021-11-09");
INSERT INTO dailyanalysis VALUES("XEROX","18","2021-11-09");
INSERT INTO dailyanalysis VALUES("XEROX","6","2021-11-09");
INSERT INTO dailyanalysis VALUES("MONEY TRANSFER","10","2021-11-09");
INSERT INTO dailyanalysis VALUES("RESUME","40","2021-11-09");
INSERT INTO dailyanalysis VALUES("RESUME","20","2021-11-09");
INSERT INTO dailyanalysis VALUES("XEROX","40","2021-11-09");
INSERT INTO dailyanalysis VALUES("PAGE PRINT","60","2021-11-09");
INSERT INTO dailyanalysis VALUES("PVC CARD","100","2021-11-09");
INSERT INTO dailyanalysis VALUES("XEROX","10","2021-11-09");
INSERT INTO dailyanalysis VALUES("XEROX","6","2021-11-10");
INSERT INTO dailyanalysis VALUES("XEROX","5","2021-11-10");
INSERT INTO dailyanalysis VALUES("PASSPORT SIZE PHOTO","30","2021-11-10");
INSERT INTO dailyanalysis VALUES("PAGE PRINT","50","2021-11-10");
INSERT INTO dailyanalysis VALUES("PVC CARD","50","2021-11-10");
INSERT INTO dailyanalysis VALUES("PVC CARD","50","2021-11-10");
INSERT INTO dailyanalysis VALUES("PAGE PRINT","170","2021-11-10");
INSERT INTO dailyanalysis VALUES("A4 SIZE PAPER","20","2021-11-10");
INSERT INTO dailyanalysis VALUES("XEROX","6","2021-11-11");
INSERT INTO dailyanalysis VALUES("XEROX","8","2021-11-11");
INSERT INTO dailyanalysis VALUES("XEROX","4","2021-11-11");
INSERT INTO dailyanalysis VALUES("PVC CARD","40","2021-11-11");
INSERT INTO dailyanalysis VALUES("PVC CARD","50","2021-11-11");
INSERT INTO dailyanalysis VALUES("PAGE PRINT","25","2021-11-11");
INSERT INTO dailyanalysis VALUES("MONEY TRANSFER","15","2021-11-11");
INSERT INTO dailyanalysis VALUES("PAGE PRINT","10","2021-11-11");
INSERT INTO dailyanalysis VALUES("XEROX","20","2021-11-11");
INSERT INTO dailyanalysis VALUES("A4 SIZE PAPER","10","2021-11-11");
INSERT INTO dailyanalysis VALUES("XEROX","10","2021-11-12");
INSERT INTO dailyanalysis VALUES("XEROX","5","2021-11-12");
INSERT INTO dailyanalysis VALUES("XEROX","20","2021-11-12");
INSERT INTO dailyanalysis VALUES("XEROX","5","2021-11-12");
INSERT INTO dailyanalysis VALUES("PAGE PRINT","10","2021-11-12");
INSERT INTO dailyanalysis VALUES("MONEY TRANSFER","10","2021-11-12");
INSERT INTO dailyanalysis VALUES("PVC CARD","45","2021-11-12");
INSERT INTO dailyanalysis VALUES("MONEY TRANSFER","30","2021-11-12");
INSERT INTO dailyanalysis VALUES("DUPLICATE PAPER","400","2021-11-13");
INSERT INTO dailyanalysis VALUES("XEROX","10","2021-11-13");
INSERT INTO dailyanalysis VALUES("PAGE PRINT","20","2021-11-13");
INSERT INTO dailyanalysis VALUES("PAGE PRINT","5","2021-11-15");
INSERT INTO dailyanalysis VALUES("MASK","10","2021-11-15");
INSERT INTO dailyanalysis VALUES("MASK","10","2021-11-15");
INSERT INTO dailyanalysis VALUES("PASSPORT SIZE PHOTO","50","2021-11-15");
INSERT INTO dailyanalysis VALUES("PAGE PRINT","10","2021-11-15");
INSERT INTO dailyanalysis VALUES("MONEY TRANSFER","20","2021-11-15");
INSERT INTO dailyanalysis VALUES("OTHERS","10","2021-11-15");
INSERT INTO dailyanalysis VALUES("MONEY TRANSFER","10","2021-11-15");
INSERT INTO dailyanalysis VALUES("XEROX","18","2021-11-15");
INSERT INTO dailyanalysis VALUES("PAGE PRINT","5","2021-11-15");
INSERT INTO dailyanalysis VALUES("PAGE PRINT","15","2021-11-15");
INSERT INTO dailyanalysis VALUES("XEROX","2","2021-11-16");
INSERT INTO dailyanalysis VALUES("PVC CARD","150","2021-11-16");
INSERT INTO dailyanalysis VALUES("RESUME","20","2021-11-16");
INSERT INTO dailyanalysis VALUES("MONEY TRANSFER","20","2021-11-16");
INSERT INTO dailyanalysis VALUES("PAGE PRINT","20","2021-11-16");
INSERT INTO dailyanalysis VALUES("XEROX","23","2021-11-16");
INSERT INTO dailyanalysis VALUES("XEROX","10","2021-11-16");
INSERT INTO dailyanalysis VALUES("ONLINE APPLY","20","2021-11-16");
INSERT INTO dailyanalysis VALUES("PAGE PRINT","45","2021-11-16");
INSERT INTO dailyanalysis VALUES("XEROX","8","2021-11-17");
INSERT INTO dailyanalysis VALUES("PAGE PRINT","20","2021-11-17");
INSERT INTO dailyanalysis VALUES("MONEY TRANSFER","10","2021-11-17");
INSERT INTO dailyanalysis VALUES("PAGE PRINT","5","2021-11-17");
INSERT INTO dailyanalysis VALUES("PAGE PRINT","10","2021-11-17");
INSERT INTO dailyanalysis VALUES("XEROX","10","2021-11-17");
INSERT INTO dailyanalysis VALUES("PVC CARD","50","2021-11-17");
INSERT INTO dailyanalysis VALUES("MONEY TRANSFER","20","2021-11-18");
INSERT INTO dailyanalysis VALUES("XEROX","50","2021-11-18");
INSERT INTO dailyanalysis VALUES("PAGE PRINT","20","2021-11-18");
INSERT INTO dailyanalysis VALUES("MONEY TRANSFER","10","2021-11-18");
INSERT INTO dailyanalysis VALUES("PAGE PRINT","5","2021-11-18");
INSERT INTO dailyanalysis VALUES("PVC CARD","50","2021-11-18");
INSERT INTO dailyanalysis VALUES("ONLINE APPLY","20","2021-11-18");
INSERT INTO dailyanalysis VALUES("PVC CARD","50","2021-11-18");
INSERT INTO dailyanalysis VALUES("XEROX","8","2021-11-19");
INSERT INTO dailyanalysis VALUES("XEROX","4","2021-11-19");
INSERT INTO dailyanalysis VALUES("PVC CARD","60","2021-11-19");
INSERT INTO dailyanalysis VALUES("PAGE PRINT","5","2021-11-19");
INSERT INTO dailyanalysis VALUES("PAGE PRINT","5","2021-11-19");
INSERT INTO dailyanalysis VALUES("XEROX","5","2021-11-19");
INSERT INTO dailyanalysis VALUES("PVC CARD","50","2021-11-19");
INSERT INTO dailyanalysis VALUES("PAGE PRINT","5","2021-11-20");
INSERT INTO dailyanalysis VALUES("XEROX","5","2021-11-20");
INSERT INTO dailyanalysis VALUES("XEROX","100","2021-11-20");
INSERT INTO dailyanalysis VALUES("XEROX","360","2021-11-20");
INSERT INTO dailyanalysis VALUES("SCANNING","30","2021-11-20");
INSERT INTO dailyanalysis VALUES("MONEY TRANSFER","5","2021-11-20");
INSERT INTO dailyanalysis VALUES("MONEY TRANSFER","5","2021-11-20");
INSERT INTO dailyanalysis VALUES("PAGE PRINT","10","2021-11-20");
INSERT INTO dailyanalysis VALUES("XEROX","1000","2021-11-20");
INSERT INTO dailyanalysis VALUES("XEROX","12","2021-11-20");
INSERT INTO dailyanalysis VALUES("PAGE PRINT","50","2021-11-22");
INSERT INTO dailyanalysis VALUES("XEROX","13","2021-11-22");
INSERT INTO dailyanalysis VALUES("PAGE PRINT","20","2021-11-22");
INSERT INTO dailyanalysis VALUES("PVC CARD","50","2021-11-22");
INSERT INTO dailyanalysis VALUES("MONEY TRANSFER","20","2021-11-22");
INSERT INTO dailyanalysis VALUES("PAGE PRINT","10","2021-11-22");
INSERT INTO dailyanalysis VALUES("PAGE PRINT","5","2021-11-22");
INSERT INTO dailyanalysis VALUES("PAGE PRINT","10","2021-11-22");
INSERT INTO dailyanalysis VALUES("OTHERS","40","2021-11-22");
INSERT INTO dailyanalysis VALUES("MONEY TRANSFER","15","2021-12-13");
INSERT INTO dailyanalysis VALUES("LAMINATION CARD","25","2021-12-13");
INSERT INTO dailyanalysis VALUES("XEROX","9","2021-12-13");
INSERT INTO dailyanalysis VALUES("PVC CARD","70","2021-12-12");
INSERT INTO dailyanalysis VALUES("PVC CARD","100","2021-12-12");
INSERT INTO dailyanalysis VALUES("PVC CARD","150","2021-12-12");
INSERT INTO dailyanalysis VALUES("xerox","565","2021-11-26");
INSERT INTO dailyanalysis VALUES("XEROX","2","2021-11-29");
INSERT INTO dailyanalysis VALUES("PAGE PRINT","15","2021-11-29");
INSERT INTO dailyanalysis VALUES("PASSPORT SIZE PHOTO","30","2021-11-29");
INSERT INTO dailyanalysis VALUES("PAGE PRINT","45","2021-12-02");
INSERT INTO dailyanalysis VALUES("MONEY TRANSFER","10","2021-12-02");
INSERT INTO dailyanalysis VALUES("PAGE PRINT","20","2021-12-02");
INSERT INTO dailyanalysis VALUES("PVC CARD","50","2021-12-02");
INSERT INTO dailyanalysis VALUES("PAGE PRINT","10","2021-12-02");
INSERT INTO dailyanalysis VALUES("MONEY TRANSFER","10","2021-12-03");
INSERT INTO dailyanalysis VALUES("PVC CARD","50","2021-12-03");
INSERT INTO dailyanalysis VALUES("PVC CARD","50","2021-12-03");
INSERT INTO dailyanalysis VALUES("XEROX","10","2021-12-03");
INSERT INTO dailyanalysis VALUES("XEROX","28","2021-12-08");
INSERT INTO dailyanalysis VALUES("XEROX","4","2021-12-08");
INSERT INTO dailyanalysis VALUES("PEN","10","2021-12-08");
INSERT INTO dailyanalysis VALUES("XEROX","16","2021-12-08");
INSERT INTO dailyanalysis VALUES("MONEY TRANSFER","75","2021-12-08");
INSERT INTO dailyanalysis VALUES("XEROX","16","2021-12-08");
INSERT INTO dailyanalysis VALUES("XEROX","10","2021-12-08");
INSERT INTO dailyanalysis VALUES("PAGE PRINT","15","2021-12-08");
INSERT INTO dailyanalysis VALUES("XEROX","17","2021-12-08");
INSERT INTO dailyanalysis VALUES("ENVELOPE","10","2021-12-08");
INSERT INTO dailyanalysis VALUES("LAMINATION","30","2021-12-08");
INSERT INTO dailyanalysis VALUES("FILE COVER","20","2021-12-08");
INSERT INTO dailyanalysis VALUES("XEROX","10","2021-12-09");
INSERT INTO dailyanalysis VALUES("PVC CARD","100","2021-12-09");
INSERT INTO dailyanalysis VALUES("LAMINATION","60","2021-12-09");
INSERT INTO dailyanalysis VALUES("PAGE PRINT","5","2021-12-09");
INSERT INTO dailyanalysis VALUES("XEROX","8","2021-12-09");
INSERT INTO dailyanalysis VALUES("PVC CARD","50","2021-12-09");
INSERT INTO dailyanalysis VALUES("XEROX","2","2021-12-09");
INSERT INTO dailyanalysis VALUES("PVC CARD","50","2021-12-09");
INSERT INTO dailyanalysis VALUES("XEROX","4","2021-12-09");
INSERT INTO dailyanalysis VALUES("PAGE PRINT","40","2021-12-09");
INSERT INTO dailyanalysis VALUES("XEROX","2","2021-12-09");
INSERT INTO dailyanalysis VALUES("PVC CARD","50","2021-12-10");
INSERT INTO dailyanalysis VALUES("MONEY TRANSFER","65","2021-12-10");
INSERT INTO dailyanalysis VALUES("PVC CARD","100","2021-12-10");
INSERT INTO dailyanalysis VALUES("XEROX","13","2021-12-10");
INSERT INTO dailyanalysis VALUES("XEROX","4","2021-12-10");
INSERT INTO dailyanalysis VALUES("PAGE PRINT","40","2021-12-10");
INSERT INTO dailyanalysis VALUES("MONEY TRANSFER","15","2021-12-10");
INSERT INTO dailyanalysis VALUES("A4 SIZE PAPER","50","2021-12-10");
INSERT INTO dailyanalysis VALUES("XEROX","8","2021-12-10");
INSERT INTO dailyanalysis VALUES("ONLINE APPLY","50","2021-12-10");
INSERT INTO dailyanalysis VALUES("PASSPORT SIZE PHOTO","30","2021-12-10");
INSERT INTO dailyanalysis VALUES("PVC CARD","100","2021-12-10");
INSERT INTO dailyanalysis VALUES("XEROX","5","2021-12-10");
INSERT INTO dailyanalysis VALUES("A4 SIZE PAPER","10","2021-12-11");
INSERT INTO dailyanalysis VALUES("PAGE PRINT","30","2021-12-11");
INSERT INTO dailyanalysis VALUES("ONLINE APPLY","50","2021-12-11");
INSERT INTO dailyanalysis VALUES("ONLINE APPLY","50","2021-12-11");
INSERT INTO dailyanalysis VALUES("PAGE PRINT","10","2021-12-11");
INSERT INTO dailyanalysis VALUES("ONLINE APPLY","100","2021-12-11");
INSERT INTO dailyanalysis VALUES("PAGE PRINT","20","2021-12-12");
INSERT INTO dailyanalysis VALUES("XEROX","5","2021-12-12");
INSERT INTO dailyanalysis VALUES("LAMINATION CARD","100","2021-12-12");
INSERT INTO dailyanalysis VALUES("XEROX","2","2021-12-12");
INSERT INTO dailyanalysis VALUES("XEROX","30","2021-12-12");
INSERT INTO dailyanalysis VALUES("XEROX","10","2021-12-12");
INSERT INTO dailyanalysis VALUES("PVC CARD","80","2021-12-12");
INSERT INTO dailyanalysis VALUES("XEROX","3","2021-12-12");
INSERT INTO dailyanalysis VALUES("MONEY TRANSFER","15","2021-12-12");
INSERT INTO dailyanalysis VALUES("XEROX","5","2021-12-12");
INSERT INTO dailyanalysis VALUES("RESUME APPLY","20","2021-12-13");
INSERT INTO dailyanalysis VALUES("XEROX","20","2021-12-13");
INSERT INTO dailyanalysis VALUES("XEROX","23","2021-12-13");
INSERT INTO dailyanalysis VALUES("XEROX","12","2021-12-13");
INSERT INTO dailyanalysis VALUES("ONLINE APPLY","200","2021-12-13");
INSERT INTO dailyanalysis VALUES("ONLINE APPLY","150","2021-12-13");
INSERT INTO dailyanalysis VALUES("ONLINE APPLY","100","2021-12-13");
INSERT INTO dailyanalysis VALUES("ONLINE APPLY","100","2021-12-13");
INSERT INTO dailyanalysis VALUES("XEROX","40","2021-12-13");
INSERT INTO dailyanalysis VALUES("XEROX","80","2021-12-14");
INSERT INTO dailyanalysis VALUES("MONEY TRANSFER","15","2021-12-14");
INSERT INTO dailyanalysis VALUES("LAMINATION ","40","2021-12-14");



CREATE TABLE `ratecard` (
  `Services` varchar(50) NOT NULL,
  `Created On` date NOT NULL,
  `Updated On` date NOT NULL
) ENGINE=MyISAM DEFAULT CHARSET=latin1;

INSERT INTO ratecard VALUES("LAMINATION ","2021-12-11","2021-12-11");
INSERT INTO ratecard VALUES("TRAIN TICKET","2021-12-11","2021-12-11");
INSERT INTO ratecard VALUES("FLIGHT TICKET","2021-12-11","2021-12-11");
INSERT INTO ratecard VALUES("PAGE PRINT","2021-12-11","2021-12-11");
INSERT INTO ratecard VALUES("XEROX","2021-12-11","2021-12-11");
INSERT INTO ratecard VALUES("ONLINE APPLY","2021-12-11","2021-12-11");
INSERT INTO ratecard VALUES("PVC CARD","2021-12-11","2021-12-11");
INSERT INTO ratecard VALUES("LAMINATION CARD","2021-12-11","2021-12-11");
INSERT INTO ratecard VALUES("PASSPORT SIZE PHOTO","2021-12-11","2021-12-11");
INSERT INTO ratecard VALUES("MONEY TRANSFER","2021-12-11","2021-12-11");
INSERT INTO ratecard VALUES("COPY(20)","2021-12-11","2021-12-11");
INSERT INTO ratecard VALUES("COPY(48)","2021-12-11","2021-12-11");
INSERT INTO ratecard VALUES("A4 SIZE PAPER","2021-12-11","2021-12-11");
INSERT INTO ratecard VALUES("GLUE STICK","2021-12-11","2021-12-11");
INSERT INTO ratecard VALUES("PENCIL","2021-12-11","2021-12-11");
INSERT INTO ratecard VALUES("PEN","2021-12-11","2021-12-11");
INSERT INTO ratecard VALUES("RUBBER","2021-12-11","2021-12-11");
INSERT INTO ratecard VALUES("SHARPNER","2021-12-11","2021-12-11");
INSERT INTO ratecard VALUES("SNOW SPRAY","2021-12-11","2021-12-11");
INSERT INTO ratecard VALUES("TAPE (MED)","2021-12-11","2021-12-11");
INSERT INTO ratecard VALUES("TAPE (SMALL)","2021-12-11","2021-12-11");
INSERT INTO ratecard VALUES("MOBILE REPAIRING","2021-12-12","2021-12-12");
INSERT INTO ratecard VALUES("RESUME APPLY","2021-12-13","2021-12-13");

