-- phpMyAdmin SQL Dump
-- version 5.1.1
-- https://www.phpmyadmin.net/
--
-- Host: 127.0.0.1:3306
-- Generation Time: Dec 19, 2022 at 05:08 AM
-- Server version: 5.7.36
-- PHP Version: 7.4.26

SET SQL_MODE = "NO_AUTO_VALUE_ON_ZERO";
START TRANSACTION;
SET time_zone = "+00:00";


/*!40101 SET @OLD_CHARACTER_SET_CLIENT=@@CHARACTER_SET_CLIENT */;
/*!40101 SET @OLD_CHARACTER_SET_RESULTS=@@CHARACTER_SET_RESULTS */;
/*!40101 SET @OLD_COLLATION_CONNECTION=@@COLLATION_CONNECTION */;
/*!40101 SET NAMES utf8mb4 */;

--
-- Database: `mss data`
--

-- --------------------------------------------------------

--
-- Table structure for table `addproduct`
--

DROP TABLE IF EXISTS `addproduct`;
CREATE TABLE IF NOT EXISTS `addproduct` (
  `ProductName` varchar(30) NOT NULL,
  `Quantity` int(4) NOT NULL,
  `BuyPrice` int(5) NOT NULL,
  `SellPrice` int(5) NOT NULL,
  `CreatedOn` date NOT NULL,
  `UpdatedOn` date NOT NULL
) ENGINE=MyISAM DEFAULT CHARSET=latin1;

--
-- Dumping data for table `addproduct`
--

INSERT INTO `addproduct` (`ProductName`, `Quantity`, `BuyPrice`, `SellPrice`, `CreatedOn`, `UpdatedOn`) VALUES
('PHOTO PAPER', 89, 5, 10, '2021-12-11', '2022-12-19'),
('A4 SIZE PAPER', 1000, 1, 2, '2021-12-11', '2021-12-11'),
('PENCIL', 99, 4, 5, '2021-12-11', '2021-12-15'),
('RUBBER', 20, 3, 5, '2021-12-11', '2021-12-11'),
('COPY(20)', 24, 13, 20, '2021-12-11', '2021-12-11'),
('COPY(48)', 11, 34, 48, '2021-12-11', '2021-12-15'),
('SHARPNER', 19, 4, 5, '2021-12-11', '2021-12-15'),
('ENVELOPE', 100, 2, 4, '2021-12-11', '2021-12-11'),
('GLUE STICK', 6, 15, 20, '2021-12-11', '2021-12-11'),
('TAPE (MED)', 6, 10, 25, '2021-12-11', '2021-12-11'),
('TAPE (SMALL)', 12, 6, 10, '2021-12-11', '2021-12-11'),
('TAPE (COLOR)', 12, 6, 10, '2021-12-11', '2021-12-11'),
('MASK', 40, 20, 30, '2021-12-11', '2021-12-11'),
('SURGICAL MASK', 200, 2, 10, '2021-12-11', '2021-12-11'),
('FILE', 12, 7, 10, '2021-12-11', '2021-12-11'),
('A4 COLOR', 200, 2, 4, '2021-12-11', '2021-12-11'),
('PVC CARD', 300, 7, 15, '2021-12-11', '2021-12-11'),
('LAMINATION POUCH', 100, 1, 5, '2021-12-11', '2021-12-11'),
('SNOW SPRAY', 4, 30, 60, '2021-12-11', '2021-12-11'),
('MESSAGE PILLS', 11, 40, 60, '2021-12-11', '2021-12-11'),
('PARTY POPPER', 10, 35, 60, '2022-01-01', '2022-01-01'),
('BALOON', 10, 30, 50, '2022-01-01', '2022-01-01'),
('GIFT PAPER', 30, 5, 10, '2022-01-01', '2022-01-01'),
('FILE DOCUMENT COVER', 10, 20, 30, '2022-01-01', '2022-01-01'),
('TIFFIN BOX', 6, 80, 150, '2022-01-01', '2022-01-01'),
('BOX', 5, 40, 60, '2022-01-01', '2022-01-05'),
('WAX COLOR', 10, 8, 15, '2022-01-01', '2022-01-01'),
('EXAM BOARD', 6, 40, 70, '2022-01-01', '2022-01-01'),
('BIRTHDAY STICKER', 9, 20, 40, '2022-01-20', '2022-01-20'),
('BOX', 70, 50, 80, '2022-12-19', '2022-12-19');

-- --------------------------------------------------------

--
-- Table structure for table `addstock`
--

DROP TABLE IF EXISTS `addstock`;
CREATE TABLE IF NOT EXISTS `addstock` (
  `ItemName` varchar(500) NOT NULL,
  `Price` int(5) NOT NULL,
  `CreatedOn` date NOT NULL
) ENGINE=MyISAM DEFAULT CHARSET=latin1;

--
-- Dumping data for table `addstock`
--

INSERT INTO `addstock` (`ItemName`, `Price`, `CreatedOn`) VALUES
('SCALE', 15, '2021-12-11'),
('GLUE STICK', 10, '2021-12-11'),
('A4 SIZE PAPER', 510, '2021-12-11'),
('ELECTRICITY BILL', 120, '2021-12-11'),
('DADU TAKEN', 200, '2021-12-11'),
('LAMINATION POUCH', 100, '2021-12-11'),
('PVC CARD', 2000, '2021-12-11'),
('BOOKS & PRODUCTS', 1615, '2021-12-11'),
('DEBIT(MESHO)', 15, '2021-12-11'),
('BAPON(DEBIT)', 200, '2021-12-12'),
('DIPAM(DEBIT)', 50, '2021-12-12'),
('TABLE', 2000, '2021-12-18'),
('MESHO', 15, '2021-12-13'),
('BROOM COLLECTER', 30, '2021-12-15'),
('EVENING SNACKS', 70, '2021-12-15'),
('TABLE', 1000, '2021-12-17'),
('STOCK', 560, '2021-12-17'),
('RIBBON', 190, '2021-12-17'),
('MESHO DTH', 100, '2021-12-17'),
('SEREZ PAPER', 10, '2021-12-19'),
('AGARBATTI ', 20, '2021-12-22'),
('MESHO DEBIT', 15, '2021-12-23'),
('DEBIT MESHO(RECHARGE)', 265, '2021-12-25'),
('MESHO (GUTKA)', 20, '2021-12-25'),
('MESHO (DEBIT)', 20, '2021-12-26'),
('STORE ITEMS', 3000, '2021-12-31'),
('EVENING SNACK', 45, '2021-12-31'),
('JIO RECHARGE', 150, '2022-01-03'),
('DUKAN RENT', 1000, '2022-01-05'),
('DIPAS DEBIT', 500, '2022-01-06'),
('TATASKY( MESHO)', 100, '2022-01-08'),
('WOODS FOR RECK', 900, '2022-01-08'),
('GLASS', 200, '2022-01-11'),
('MESHO DTH', 100, '2022-01-11'),
('COMPUTER', 2000, '2022-01-18'),
('ELECTRICITY BILL', 120, '2022-01-19'),
('CARPENTER', 600, '2022-01-21'),
('BITS WOOD NAILS', 365, '2022-01-21'),
('SAMOSA', 40, '2022-01-21'),
('DTH RECHARGE(MESHO)', 100, '2022-01-21'),
('WIFI', 400, '2022-01-22'),
('MULTI PORT', 300, '2022-01-22'),
('A4 SIZE PAPER (3)/GLUE', 700, '2022-01-25'),
('SCREW DRIVER', 50, '2022-01-26'),
('LAMINATOR', 1700, '2022-12-19');

-- --------------------------------------------------------

--
-- Table structure for table `admins`
--

DROP TABLE IF EXISTS `admins`;
CREATE TABLE IF NOT EXISTS `admins` (
  `Slno` int(5) NOT NULL AUTO_INCREMENT,
  `Username` varchar(30) NOT NULL,
  `Password` varchar(100) NOT NULL,
  `Date` date NOT NULL,
  `Block` tinyint(1) NOT NULL DEFAULT '1',
  `UpdateDate` date NOT NULL,
  PRIMARY KEY (`Slno`)
) ENGINE=MyISAM AUTO_INCREMENT=2 DEFAULT CHARSET=latin1;

--
-- Dumping data for table `admins`
--

INSERT INTO `admins` (`Slno`, `Username`, `Password`, `Date`, `Block`, `UpdateDate`) VALUES
(1, 'Debraj Aditya', '4388c0ac505fa5cf479c1fd4947b3fa7', '2020-03-31', 1, '2020-03-31');

-- --------------------------------------------------------

--
-- Table structure for table `courses`
--

DROP TABLE IF EXISTS `courses`;
CREATE TABLE IF NOT EXISTS `courses` (
  `Slno` int(5) NOT NULL AUTO_INCREMENT,
  `Course` varchar(500) NOT NULL,
  `Fee` int(5) NOT NULL,
  `Date` date NOT NULL,
  `Updatedate` date NOT NULL,
  `Block` tinyint(1) NOT NULL DEFAULT '1',
  PRIMARY KEY (`Slno`)
) ENGINE=MyISAM AUTO_INCREMENT=7 DEFAULT CHARSET=latin1;

--
-- Dumping data for table `courses`
--

INSERT INTO `courses` (`Slno`, `Course`, `Fee`, `Date`, `Updatedate`, `Block`) VALUES
(1, 'C', 3000, '2020-04-02', '2020-04-02', 1),
(2, 'CPP', 3000, '2020-04-02', '2020-04-02', 1),
(3, 'PHP', 3000, '2020-04-02', '2020-04-05', 1),
(4, 'HTML', 2000, '2020-04-02', '2020-04-05', 1),
(5, 'FULLSTACK WEBDESIGN (PHP,MYSQL,HTML,BOOTSTRAP,JAVASCRIPT)', 10000, '2020-04-02', '2020-04-05', 1),
(6, 'JAVA', 5000, '2020-04-02', '2020-04-05', 1);

-- --------------------------------------------------------

--
-- Table structure for table `dailyanalysis`
--

DROP TABLE IF EXISTS `dailyanalysis`;
CREATE TABLE IF NOT EXISTS `dailyanalysis` (
  `Services` varchar(50) NOT NULL,
  `Income` int(13) NOT NULL,
  `CreatedOn` date NOT NULL
) ENGINE=MyISAM DEFAULT CHARSET=latin1;

--
-- Dumping data for table `dailyanalysis`
--

INSERT INTO `dailyanalysis` (`Services`, `Income`, `CreatedOn`) VALUES
('LAMINATION', 100, '2021-11-01'),
('LAMINATION', 1, '2021-11-02'),
('MONEY TRANSFER', 10, '2021-11-02'),
('MASK', 30, '2021-11-02'),
('PAGE PRINT', 45, '2021-11-02'),
('XEROX', 25, '2021-11-03'),
('PVC CARD', 40, '2021-11-03'),
('MONEY TRANSFER', 20, '2021-11-03'),
('XEROX', 10, '2021-11-03'),
('MONEY TRANSFER', 45, '2021-12-27'),
('PAGE PRINT', 15, '2021-12-18'),
('MONEY TRANSFER', 15, '2021-12-27'),
('XEROX', 10, '2021-12-27'),
('XEROX', 5, '2021-12-27'),
('LAMINATION CARD', 300, '2021-12-25'),
('ONLINE APPLY', 100, '2021-12-25'),
('PVC CARD', 80, '2021-12-25'),
('ONLINE APPLY', 200, '2021-12-24'),
('PAGE PRINT', 20, '2021-12-24'),
('LAMINATION', 148, '2021-11-09'),
('XEROX', 6, '2021-11-10'),
('XEROX', 5, '2021-11-10'),
('PASSPORT SIZE PHOTO', 30, '2021-11-10'),
('PAGE PRINT', 50, '2021-11-10'),
('PVC CARD', 50, '2021-11-10'),
('PVC CARD', 50, '2021-11-10'),
('PAGE PRINT', 170, '2021-11-10'),
('A4 SIZE PAPER', 20, '2021-11-10'),
('XEROX', 6, '2021-11-11'),
('XEROX', 8, '2021-11-11'),
('XEROX', 4, '2021-11-11'),
('PVC CARD', 40, '2021-11-11'),
('PVC CARD', 50, '2021-11-11'),
('PAGE PRINT', 25, '2021-11-11'),
('MONEY TRANSFER', 15, '2021-11-11'),
('PAGE PRINT', 10, '2021-11-11'),
('XEROX', 20, '2021-11-11'),
('A4 SIZE PAPER', 10, '2021-11-11'),
('XEROX', 10, '2021-11-12'),
('XEROX', 5, '2021-11-12'),
('XEROX', 20, '2021-11-12'),
('XEROX', 5, '2021-11-12'),
('PAGE PRINT', 10, '2021-11-12'),
('MONEY TRANSFER', 10, '2021-11-12'),
('PVC CARD', 45, '2021-11-12'),
('MONEY TRANSFER', 30, '2021-11-12'),
('DUPLICATE PAPER', 400, '2021-11-13'),
('XEROX', 10, '2021-11-13'),
('PAGE PRINT', 20, '2021-11-13'),
('PAGE PRINT', 5, '2021-11-15'),
('MASK', 10, '2021-11-15'),
('MASK', 10, '2021-11-15'),
('PASSPORT SIZE PHOTO', 50, '2021-11-15'),
('PAGE PRINT', 10, '2021-11-15'),
('MONEY TRANSFER', 20, '2021-11-15'),
('OTHERS', 10, '2021-11-15'),
('MONEY TRANSFER', 10, '2021-11-15'),
('XEROX', 18, '2021-11-15'),
('PAGE PRINT', 5, '2021-11-15'),
('PAGE PRINT', 15, '2021-11-15'),
('XEROX', 2, '2021-11-16'),
('PVC CARD', 150, '2021-11-16'),
('RESUME', 20, '2021-11-16'),
('MONEY TRANSFER', 20, '2021-11-16'),
('PAGE PRINT', 20, '2021-11-16'),
('XEROX', 23, '2021-11-16'),
('XEROX', 10, '2021-11-16'),
('ONLINE APPLY', 20, '2021-11-16'),
('PAGE PRINT', 45, '2021-11-16'),
('XEROX', 8, '2021-11-17'),
('PAGE PRINT', 20, '2021-11-17'),
('MONEY TRANSFER', 10, '2021-11-17'),
('PAGE PRINT', 5, '2021-11-17'),
('PAGE PRINT', 10, '2021-11-17'),
('XEROX', 10, '2021-11-17'),
('PVC CARD', 50, '2021-11-17'),
('MONEY TRANSFER', 20, '2021-11-18'),
('XEROX', 50, '2021-11-18'),
('PAGE PRINT', 20, '2021-11-18'),
('MONEY TRANSFER', 10, '2021-11-18'),
('PAGE PRINT', 5, '2021-11-18'),
('PVC CARD', 50, '2021-11-18'),
('ONLINE APPLY', 20, '2021-11-18'),
('PVC CARD', 50, '2021-11-18'),
('XEROX', 8, '2021-11-19'),
('XEROX', 4, '2021-11-19'),
('PVC CARD', 60, '2021-11-19'),
('PAGE PRINT', 5, '2021-11-19'),
('PAGE PRINT', 5, '2021-11-19'),
('XEROX', 5, '2021-11-19'),
('PVC CARD', 50, '2021-11-19'),
('PAGE PRINT', 5, '2021-11-20'),
('XEROX', 5, '2021-11-20'),
('XEROX', 100, '2021-11-20'),
('XEROX', 360, '2021-11-20'),
('SCANNING', 30, '2021-11-20'),
('MONEY TRANSFER', 5, '2021-11-20'),
('MONEY TRANSFER', 5, '2021-11-20'),
('PAGE PRINT', 10, '2021-11-20'),
('XEROX', 1000, '2021-11-20'),
('XEROX', 12, '2021-11-20'),
('ONLINE APPLY', 100, '2021-12-27'),
('PVC CARD', 550, '2021-12-26'),
('XEROX', 170, '2021-12-26'),
('PVC CARD', 160, '2021-12-26'),
('XEROX', 24, '2021-12-26'),
('XEROX', 4, '2021-12-26'),
('XEROX', 50, '2021-12-26'),
('PVC CARD', 180, '2021-12-26'),
('MONEY TRANSFER', 15, '2021-12-13'),
('LAMINATION CARD', 25, '2021-12-13'),
('XEROX', 9, '2021-12-13'),
('PVC CARD', 70, '2021-12-12'),
('PVC CARD', 100, '2021-12-12'),
('PVC CARD', 150, '2021-12-12'),
('xerox', 565, '2021-11-26'),
('XEROX', 2, '2021-11-29'),
('PAGE PRINT', 15, '2021-11-29'),
('PASSPORT SIZE PHOTO', 30, '2021-11-29'),
('PAGE PRINT', 45, '2021-12-02'),
('MONEY TRANSFER', 10, '2021-12-02'),
('PAGE PRINT', 20, '2021-12-02'),
('PVC CARD', 50, '2021-12-02'),
('PAGE PRINT', 10, '2021-12-02'),
('MONEY TRANSFER', 10, '2021-12-03'),
('PVC CARD', 50, '2021-12-03'),
('PVC CARD', 50, '2021-12-03'),
('XEROX', 10, '2021-12-03'),
('XEROX', 28, '2021-12-08'),
('XEROX', 4, '2021-12-08'),
('PEN', 10, '2021-12-08'),
('XEROX', 16, '2021-12-08'),
('MONEY TRANSFER', 75, '2021-12-08'),
('XEROX', 16, '2021-12-08'),
('XEROX', 10, '2021-12-08'),
('PAGE PRINT', 15, '2021-12-08'),
('XEROX', 17, '2021-12-08'),
('ENVELOPE', 10, '2021-12-08'),
('LAMINATION', 30, '2021-12-08'),
('FILE COVER', 20, '2021-12-08'),
('XEROX', 10, '2021-12-09'),
('PVC CARD', 100, '2021-12-09'),
('LAMINATION', 60, '2021-12-09'),
('PAGE PRINT', 5, '2021-12-09'),
('XEROX', 8, '2021-12-09'),
('PVC CARD', 50, '2021-12-09'),
('XEROX', 2, '2021-12-09'),
('PVC CARD', 50, '2021-12-09'),
('XEROX', 4, '2021-12-09'),
('PAGE PRINT', 40, '2021-12-09'),
('XEROX', 2, '2021-12-09'),
('PVC CARD', 50, '2021-12-10'),
('MONEY TRANSFER', 65, '2021-12-10'),
('PVC CARD', 100, '2021-12-10'),
('XEROX', 13, '2021-12-10'),
('XEROX', 4, '2021-12-10'),
('PAGE PRINT', 40, '2021-12-10'),
('MONEY TRANSFER', 15, '2021-12-10'),
('A4 SIZE PAPER', 50, '2021-12-10'),
('XEROX', 8, '2021-12-10'),
('ONLINE APPLY', 50, '2021-12-10'),
('PASSPORT SIZE PHOTO', 30, '2021-12-10'),
('PVC CARD', 100, '2021-12-10'),
('XEROX', 5, '2021-12-10'),
('A4 SIZE PAPER', 10, '2021-12-11'),
('PAGE PRINT', 30, '2021-12-11'),
('ONLINE APPLY', 50, '2021-12-11'),
('ONLINE APPLY', 50, '2021-12-11'),
('PAGE PRINT', 10, '2021-12-11'),
('ONLINE APPLY', 100, '2021-12-11'),
('PAGE PRINT', 20, '2021-12-12'),
('XEROX', 5, '2021-12-12'),
('LAMINATION CARD', 100, '2021-12-12'),
('XEROX', 2, '2021-12-12'),
('XEROX', 30, '2021-12-12'),
('XEROX', 10, '2021-12-12'),
('PVC CARD', 80, '2021-12-12'),
('XEROX', 3, '2021-12-12'),
('MONEY TRANSFER', 15, '2021-12-12'),
('XEROX', 5, '2021-12-12'),
('RESUME APPLY', 20, '2021-12-13'),
('XEROX', 20, '2021-12-13'),
('XEROX', 23, '2021-12-13'),
('XEROX', 12, '2021-12-13'),
('ONLINE APPLY', 200, '2021-12-13'),
('ONLINE APPLY', 150, '2021-12-13'),
('ONLINE APPLY', 100, '2021-12-13'),
('ONLINE APPLY', 100, '2021-12-13'),
('XEROX', 40, '2021-12-13'),
('XEROX', 80, '2021-12-14'),
('MONEY TRANSFER', 15, '2021-12-14'),
('LAMINATION ', 40, '2021-12-14'),
('ONLINE APPLY', 100, '2021-12-14'),
('PAGE PRINT', 40, '2021-12-14'),
('LAMINATION ', 120, '2021-12-14'),
('ONLINE APPLY', 50, '2021-12-15'),
('ONLINE APPLY', 100, '2021-12-15'),
('PAGE PRINT', 150, '2021-12-15'),
('PAGE PRINT', 20, '2021-12-15'),
('XEROX', 8, '2021-12-15'),
('XEROX', 8, '2021-12-15'),
('ONLINE APPLY', 100, '2021-12-15'),
('ONLINE APPLY', 100, '2021-12-15'),
('BOOK', 48, '2021-12-15'),
('XEROX', 15, '2021-12-15'),
('XEROX', 10, '2021-12-15'),
('PAGE PRINT', 30, '2021-12-16'),
('XEROX', 8, '2021-12-16'),
('XEROX', 12, '2021-12-16'),
('XEROX', 16, '2021-12-16'),
('PAGE PRINT', 30, '2021-12-16'),
('XEROX', 5, '2021-12-16'),
('ONLINE APPLY', 20, '2021-12-16'),
('PAGE PRINT', 20, '2021-12-17'),
('XEROX', 12, '2021-12-17'),
('PAGE PRINT', 20, '2021-12-17'),
('PAGE PRINT', 10, '2021-12-17'),
('ONLINE APPLY', 300, '2021-12-17'),
('XEROX', 10, '2021-12-17'),
('MONEY TRANSFER', 80, '2021-12-17'),
('SCHOOL WORK', 50, '2021-12-17'),
('PAGE PRINT', 20, '2021-12-17'),
('PAGE PRINT', 70, '2021-12-17'),
('ONLINE APPLY', 200, '2021-12-17'),
('XEROX', 9, '2021-12-17'),
('BIO DATA', 20, '2021-12-18'),
('PAGE PRINT', 10, '2021-12-18'),
('PAGE PRINT', 10, '2021-12-18'),
('PAGE PRINT', 20, '2021-12-18'),
('XEROX', 10, '2021-12-18'),
('PVC CARD', 200, '2021-12-18'),
('PVC CARD', 150, '2021-12-18'),
('ONLINE APPLY', 100, '2021-12-18'),
('MONEY TRANSFER', 20, '2021-12-18'),
('ONLINE APPLY', 100, '2021-12-18'),
('LAMINATION ', 20, '2021-12-18'),
('LAMINATION ', 160, '2021-12-19'),
('XEROX', 15, '2021-12-19'),
('LAMINATION ', 50, '2021-12-19'),
('PVC CARD', 80, '2021-12-19'),
('ONLINE APPLY', 170, '2021-12-20'),
('PAGE PRINT', 30, '2021-12-20'),
('XEROX', 52, '2021-12-20'),
('ONLINE APPLY', 50, '2021-12-20'),
('PAGE PRINT', 30, '2021-12-20'),
('XEROX', 2, '2021-12-20'),
('ONLINE APPLY', 200, '2021-12-20'),
('PAGE PRINT', 30, '2021-12-21'),
('ONLINE APPLY', 85, '2021-12-21'),
('PAGE PRINT', 40, '2021-12-22'),
('LAMINATION CARD', 50, '2021-12-22'),
('XEROX', 15, '2021-12-22'),
('LAMINATION CARD', 50, '2021-12-22'),
('PAGE PRINT', 10, '2021-12-22'),
('XEROX', 5, '2021-12-23'),
('PVC CARD', 50, '2021-12-23'),
('ONLINE APPLY', 300, '2021-12-23'),
('XEROX', 70, '2021-12-23'),
('MONEY TRANSFER', 15, '2021-12-23'),
('ONLINE APPLY', 100, '2021-12-23'),
('PVC CARD', 50, '2021-12-23'),
('LAMINATION ', 150, '2021-12-24'),
('ONLINE APPLY', 100, '2021-12-24'),
('XEROX', 14, '2021-12-24'),
('LAMINATION CARD', 150, '2021-12-24'),
('ONLINE APPLY', 100, '2021-12-27'),
('PVC CARD', 80, '2021-12-28'),
('PAGE PRINT', 30, '2021-12-28'),
('ONLINE APPLY', 50, '2021-12-28'),
('ONLINE APPLY', 100, '2021-12-28'),
('ONLINE APPLY', 100, '2021-12-29'),
('ONLINE APPLY', 200, '2021-12-29'),
('PAGE PRINT', 70, '2021-12-29'),
('ONLINE APPLY', 100, '2021-12-29'),
('ONLINE APPLY', 200, '2021-12-29'),
('ONLINE APPLY', 600, '2021-12-31'),
('ONLINE APPLY', 50, '2021-12-31'),
('ONLINE APPLY', 100, '2021-12-31'),
('PVC CARD', 100, '2021-12-31'),
('ONLINE APPLY', 20, '2022-01-01'),
('ONLINE APPLY', 200, '2022-01-01'),
('PVC CARD', 200, '2022-01-01'),
('XEROX', 3, '2022-01-03'),
('BOOK', 50, '2022-01-03'),
('PVC CARD', 100, '2022-01-03'),
('PAGE PRINT', 30, '2022-01-04'),
('XEROX', 40, '2022-01-04'),
('PVC CARD', 110, '2022-01-04'),
('MONEY TRANSFER', 40, '2022-01-04'),
('LAMINATION CARD', 50, '2022-01-04'),
('PAGE PRINT', 35, '2022-01-04'),
('XEROX', 2, '2022-01-05'),
('PVC CARD', 200, '2022-01-05'),
('PVC CARD', 300, '2022-01-06'),
('PVC CARD', 80, '2022-01-06'),
('PENCIL', 5, '2022-01-06'),
('PAGE PRINT', 30, '2022-01-08'),
('PVC CARD', 300, '2022-01-08'),
('MONEY TRANSFER', 40, '2022-01-08'),
('MONEY TRANSFER', 20, '2022-01-08'),
('PVC CARD', 100, '2022-01-08'),
('ONLINE APPLY', 20, '2022-01-08'),
('PVC CARD', 150, '2022-01-08'),
('MONEY TRANSFER', 60, '2022-01-10'),
('XEROX', 10, '2022-01-10'),
('PAGE PRINT', 20, '2022-01-10'),
('PVC CARD', 100, '2022-01-10'),
('ONLINE APPLY', 60, '2022-01-10'),
('PVC CARD', 50, '2022-01-10'),
('XEROX', 25, '2022-01-10'),
('PAGE PRINT', 40, '2022-01-11'),
('XEROX', 10, '2022-01-11'),
('PAGE PRINT', 70, '2022-01-11'),
('PAGE PRINT', 10, '2022-01-11'),
('PAGE PRINT', 25, '2022-01-12'),
('XEROX', 10, '2022-01-12'),
('PAGE PRINT', 35, '2022-01-12'),
('MONEY TRANSFER', 100, '2022-01-12'),
('ONLINE APPLY', 20, '2022-01-12'),
('LAMINATION CARD', 50, '2022-01-12'),
('PVC CARD', 100, '2022-01-12'),
('PVC CARD', 150, '2022-01-12'),
('LAMINATION CARD', 50, '2022-01-17'),
('PAGE PRINT', 20, '2022-01-17'),
('PAGE PRINT', 10, '2022-01-17'),
('PVC CARD', 180, '2022-01-17'),
('XEROX', 15, '2022-01-18'),
('PVC CARD', 70, '2022-01-18'),
('PVC CARD', 80, '2022-01-18'),
('XEROX', 18, '2022-01-18'),
('SCHOOL WORK', 70, '2022-01-18'),
('PAGE PRINT', 10, '2022-01-18'),
('LAMINATION ', 40, '2022-01-18'),
('XEROX', 4, '2022-01-18'),
('PAGE PRINT', 10, '2022-01-18'),
('XEROX', 10, '2022-01-18'),
('XEROX', 10, '2022-01-19'),
('PAGE PRINT', 15, '2022-01-19'),
('PAGE PRINT', 10, '2022-01-19'),
('XEROX', 10, '2022-01-19'),
('PAGE PRINT', 10, '2022-01-19'),
('LAMINATION CARD', 100, '2022-01-19'),
('LAMINATION CARD', 150, '2022-01-19'),
('PAGE PRINT', 10, '2022-01-19'),
('LAMINATION CARD', 50, '2022-01-19'),
('PAGE PRINT', 10, '2022-01-19'),
('PASSPORT SIZE PHOTO', 20, '2022-01-19'),
('PVC CARD', 270, '2022-01-19'),
('PVC CARD', 260, '2022-01-19'),
('LAMINATION CARD', 30, '2022-01-20'),
('PAGE PRINT', 20, '2022-01-20'),
('XEROX', 640, '2022-01-20'),
('PVC CARD', 100, '2022-01-20'),
('LAMINATION CARD', 50, '2022-01-21'),
('PAGE PRINT', 10, '2022-01-21'),
('PVC CARD', 170, '2022-01-21'),
('PVC CARD', 100, '2022-01-21'),
('OTHERS', 15, '2022-01-22'),
('PAGE PRINT', 15, '2022-01-22'),
('COPY(48)', 45, '2022-01-22'),
('PEN', 5, '2022-01-22'),
('PVC CARD', 80, '2022-01-22'),
('ONLINE APPLY', 50, '2022-01-22'),
('MONEY TRANSFER', 15, '2022-01-22'),
('PAGE PRINT', 80, '2022-01-25'),
('PAGE PRINT', 10, '2022-01-25'),
('MONEY TRANSFER', 50, '2022-01-25'),
('XEROX', 5, '2022-01-25'),
('PVC CARD', 100, '2022-01-25'),
('PVC CARD', 100, '2022-01-25'),
('RESUME APPLY', 30, '2022-01-25'),
('PVC CARD', 100, '2022-01-25'),
('PAGE PRINT', 10, '2022-01-26'),
('BOOK', 20, '2022-01-26'),
('A4 SIZE PAPER', 10, '2022-01-27'),
('A4 SIZE PAPER', 10, '2022-01-27'),
('A4 SIZE PAPER', 10, '2022-01-27'),
('PEN', 0, '2022-01-27'),
('ONLINE APPLY', 200, '2022-12-19');

-- --------------------------------------------------------

--
-- Table structure for table `ratecard`
--

DROP TABLE IF EXISTS `ratecard`;
CREATE TABLE IF NOT EXISTS `ratecard` (
  `Services` varchar(50) NOT NULL,
  `Created On` date NOT NULL,
  `Updated On` date NOT NULL
) ENGINE=MyISAM DEFAULT CHARSET=latin1;

--
-- Dumping data for table `ratecard`
--

INSERT INTO `ratecard` (`Services`, `Created On`, `Updated On`) VALUES
('LAMINATION ', '2021-12-11', '2021-12-11'),
('TRAIN TICKET', '2021-12-11', '2021-12-11'),
('FLIGHT TICKET', '2021-12-11', '2021-12-11'),
('PAGE PRINT', '2021-12-11', '2021-12-11'),
('XEROX', '2021-12-11', '2021-12-11'),
('ONLINE APPLY', '2021-12-11', '2021-12-11'),
('PVC CARD', '2021-12-11', '2021-12-11'),
('LAMINATION CARD', '2021-12-11', '2021-12-11'),
('PASSPORT SIZE PHOTO', '2021-12-11', '2021-12-11'),
('MONEY TRANSFER', '2021-12-11', '2021-12-11'),
('COPY(20)', '2021-12-11', '2021-12-11'),
('COPY(48)', '2021-12-11', '2021-12-11'),
('A4 SIZE PAPER', '2021-12-11', '2021-12-11'),
('GLUE STICK', '2021-12-11', '2021-12-11'),
('PENCIL', '2021-12-11', '2021-12-11'),
('PEN', '2021-12-11', '2021-12-11'),
('RUBBER', '2021-12-11', '2021-12-11'),
('SHARPNER', '2021-12-11', '2021-12-11'),
('SNOW SPRAY', '2021-12-11', '2021-12-11'),
('TAPE (MED)', '2021-12-11', '2021-12-11'),
('TAPE (SMALL)', '2021-12-11', '2021-12-11'),
('MOBILE REPAIRING', '2021-12-12', '2021-12-12'),
('RESUME APPLY', '2021-12-13', '2021-12-13'),
('BOOK', '2021-12-15', '2021-12-15'),
('SCHOOL WORK', '2021-12-17', '2021-12-17'),
('BIO DATA', '2021-12-18', '2021-12-18');
COMMIT;

/*!40101 SET CHARACTER_SET_CLIENT=@OLD_CHARACTER_SET_CLIENT */;
/*!40101 SET CHARACTER_SET_RESULTS=@OLD_CHARACTER_SET_RESULTS */;
/*!40101 SET COLLATION_CONNECTION=@OLD_COLLATION_CONNECTION */;
